MedicineName,RxCUI,Category
Terazosi,,Unknown
Tropical Medicine,,Unknown
Centchroman,,Unknown
Antidiarrhoeal,,Unknown
Atropine,1223,Unknown
Vinblasti,,Unknown
Neurology,,Unknown
Artesunate,18346,Unknown
Pyrazinamid,8987,Unknown
Chlorpheniramin,,Unknown
Pre,,Unknown
Factor,,Unknown
Chander Shekhar,,Unknown
Carbidopa,2019,Unknown
Levodopa,6375,Unknown
Dextran,42635,Unknown
Dobutamine,3616,Unknown
Added,,Unknown
Albumin,,Unknown
Lamivudine,68244,Unknown
Departm,,Unknown
Clavulinic,,Unknown
Prednisolone,8638,Unknown
Antiinfective,,Unknown
Hydroxyc,,Unknown
Iodine,5933,Unknown
Saravana Perumal,,Unknown
Polygeline,8521,Unknown
Benzoin Compound,215648,Unknown
Doxorubicin,3639,Unknown
Amoxicillin,723,Unknown
Progesterone Acetate,,Unknown
Factors,,Unknown
Melphalan,6718,Unknown
Chlorampheni,,Unknown
Clarithromycin,21212,Unknown
Nelfinavir,134527,Unknown
Pentazocine,8001,Unknown
Glucose,4850,Unknown
Haryana,,Unknown
Didanosine,3364,Unknown
Society,,Unknown
Essential,,Unknown
Antiemetics,,Unknown
Family,,Unknown
Th,,Unknown
Dental Education,,Unknown
Formaldehyde,4530,Unknown
December,,Unknown
Sciences,,Unknown
Benzylpenicillin,7980,Unknown
Phenobarbitone,8134,Unknown
Etoposide,4179,Unknown
Antituberculosis,,Unknown
Morphine,7052,Unknown
Cefixime,25033,Unknown
Hepatitis,,Unknown
Essential Drugs,,Unknown
Progra,,Unknown
Generalized,,Unknown
Benzathine Benzylpenicill,,Unknown
Chloroquine,2393,Unknown
Pyridostigmine,9000,Unknown
Barium Sulphate,1331,Unknown
Accordi,,Unknown
Coagulation Factors,,Unknown
Solutions,,Unknown
Intestinal Anthelminthics,,Unknown
Ram Manohar,,Unknown
Regulatory,,Unknown
Antianginal,,Unknown
Betamethasone Dipropionate,19254,Unknown
Antimigraine,,Unknown
Principal Scientist,,Unknown
Policy,,Unknown
Loperamide,6468,Unknown
Neostigmine,7315,Unknown
Edition,,Unknown
Administrator,,Unknown
Antileprosy,,Unknown
Kakkar,,Unknown
Tanwar,,Unknown
Assistant Professor,,Unknown
Hea,,Unknown
Sulphate,,Unknown
Methylrosanilinium Chlorid,,Unknown
Swabhumi,,Unknown
Organization,,Unknown
Ge,,Unknown
Oral Rehydration,,Unknown
Carbimazole,2020,Unknown
Total,,Unknown
Antidiabetic,,Unknown
Injection Polyvalent,,Unknown
Ophthalmological Preparations,,Unknown
Ceftriax,,Unknown
Name,,Unknown
Adenosine,296,Unknown
Anesthesia,,Unknown
Medical Officer,,Unknown
Ferrous,,Unknown
Dexchlorpheniramine,22697,Unknown
Pralidoxime Chloride,55322,Unknown
Sodium Valproate,9919,Unknown
New Category,,Unknown
Anti,,Unknown
Propyliodone,8793,Unknown
Dextromethorphan,3289,Unknown
Welfare,,Unknown
Bicarbonate,,Unknown
Zinc Sulfate,39954,Unknown
Diloxanide Furoate,23203,Unknown
Vancomycin,11124,Unknown
Isoniazid,6038,Unknown
Expert Core,,Unknown
Obstretics,,Unknown
Benzathine,,Unknown
Committee Meetings,,Unknown
Oncology,,Unknown
Regulators,,Unknown
Nitrous Oxide,7486,Unknown
Methyl,,Unknown
Antileishmaniasis,,Unknown
Acriflavin,,Unknown
Vincristine,11202,Unknown
Astringent Medicines,,Unknown
Insulin,253182,Unknown
Antisnake,,Unknown
Phenylephrine,8163,Unknown
Ophthalmic Surgical,,Unknown
Diuretics,,Unknown
Insulin Injection,,Unknown
Nucleoside,,Unknown
Lignocaine Hydrochloride,142440,Unknown
Professor,,Unknown
Antifilarials,,Unknown
Ferrous Salt,,Unknown
Fentanyl,4337,Unknown
Disinfectants,,Unknown
Eye Drops,,Unknown
Asparaginase,1156,Unknown
Mifepristone,6964,Unknown
Fluoxetine,4493,Unknown
Antiepileptics,,Unknown
Antipneumocystosis,,Unknown
Thiamine,10454,Unknown
National,,Unknown
Streptokinase,10106,Unknown
Mr,,Unknown
Busulphan,1828,Unknown
Rohtak,,Unknown
Losartan Potassium,203160,Unknown
Cloxacillin,2625,Unknown
Heparin Sodium,314659,Unknown
Acetazolamide,167,Unknown
July,,Unknown
Elixir,,Unknown
Albendazole,430,Unknown
Folic Acid,4511,Unknown
Violet,,Unknown
Lithium,6448,Unknown
Theophyline,,Unknown
Meeting,,Unknown
General,,Unknown
Senior Residents,,Unknown
Ciprofloxacin Hydrochloride,81981,Unknown
Core Committee,,Unknown
Sulfasalazine,9524,Unknown
Miotics,,Unknown
Diabetes,,Unknown
Opthalmic,,Unknown
Mexiletine Hydrochloride,142138,Unknown
Sulfadoxine,10173,Unknown
Levonorgesterol Releasing,,Unknown
Antiherpes,,Unknown
Joint Drug,,Unknown
Isoflurane,6026,Unknown
Dithranol,873,Unknown
Tetracaine Hydrochloride,91189,Unknown
Protamine Sulphate,8825,Unknown
Cancer Rotary,,Unknown
Trisodium,,Unknown
Streptomycin Sulphate,10110,Unknown
Capsules,,Unknown
Isoprenaline Hydrochloride,82030,Unknown
Added Medicine,,Unknown
Normal Saline,,Unknown
Brom,,Unknown
Pharmacolgy,,Unknown
Kolk,,Unknown
Disease Modifying,,Unknown
Kolkata,,Unknown
Complex,,Unknown
Antitoxoplasmosis,,Unknown
Riboflavin,9346,Unknown
Nonsteroidal,,Unknown
Lohia Hospital,,Unknown
Diphtheria,,Unknown
Deputy Industrial,,Unknown
Benzoic Acid,18989,Unknown
Lucknow,,Unknown
New,,Unknown
Dermatological,,Unknown
Framycetin,4556,Unknown
Acting,,Unknown
Mononitrate,,Unknown
Amiodarone,703,Unknown
Addl,,Unknown
Aluminium Hydroxide,612,Unknown
Danazol,3102,Unknown
Vardhman Medical,,Unknown
Allopurinol,519,Unknown
Evidence,,Unknown
Intrauterine,,Unknown
Resource Support,,Unknown
Amitriptyline,704,Unknown
Omeprazole,7646,Unknown
Trimethop,,Unknown
Chlorpheniramine Maleate,142429,Unknown
Carbonate,,Unknown
Potassium Chloride,8591,Unknown
Secondary,,Unknown
Consultation,,Unknown
Glibenclamide,4815,Unknown
Paclitaxel,56946,Unknown
Chlorambuci,,Unknown
Meglumine Iotroxate,52527,Unknown
Antiinflammatory,,Unknown
Xylometazoline,39841,Unknown
Disease,,Unknown
Antigiardiasis,,Unknown
Tamoxifen,10324,Unknown
Norethis,,Unknown
Pediculicides,,Unknown
Olanzapine,61381,Unknown
Penicillamine,7975,Unknown
Flucytosine,4451,Unknown
Dacarbazine,3098,Unknown
Norfloxacin,7517,Unknown
Antitetanus Human,,Unknown
Estrogens,4100,Unknown
Pyrazinamide,8987,Unknown
Research,,Unknown
There,,Unknown
Junior Residents,,Unknown
Chacha Nehru,,Unknown
Sodi,,Unknown
Mannitol,6628,Unknown
Dwarka,,Unknown
Ethinylestr,,Unknown
To,,Unknown
Intensive Care,,Unknown
Rheumatoid,,Unknown
Homatropine,27084,Unknown
Sidhu,,Unknown
Drugs Controller,,Unknown
Tablets,,Unknown
Sodium Bicarbonate,36676,Unknown
Consideration,,Unknown
Sodium,9853,Unknown
Delhi,,Unknown
Ofloxacin,7623,Unknown
Nation,,Unknown
Azithromycin,18631,Unknown
Alphabetical List,,Unknown
Ibuprofen,5640,Unknown
Programmes,,Unknown
Medroxy,,Unknown
Sulphamethoxazole,10180,Unknown
Thera,,Unknown
Pentamidine,7994,Unknown
Injectio,,Unknown
Pyrimethamine,9010,Unknown
Antiinflammatory Medicines,,Unknown
Draft,,Unknown
Ministry,,Unknown
Drugs Standard,,Unknown
Ondansetron,26225,Unknown
Sodium Iothalamate,9886,Unknown
Acetyl,,Unknown
Primary,,Unknown
Tetracycline,10395,Unknown
Mydriatics,,Unknown
Saline,,Unknown
Enalapril,3827,Unknown
Purified Protein,,Unknown
Ludhiana,,Unknown
Predn,,Unknown
Tyagi,,Unknown
Updating,,Unknown
Eye,,Unknown
Ophthalmology,,Unknown
Citrate,114200,Unknown
Chlorpromazine,2403,Unknown
Lyophilyzed,,Unknown
Flutamide,4508,Unknown
Promethazine,8745,Unknown
Other,,Unknown
Antiretroviral,,Unknown
Glutaraldehy,,Unknown
Measles Vaccine,,Unknown
Ketamine Hydr,,Unknown
Lastly,,Unknown
College,,Unknown
Chemicals,,Unknown
Sodium Stibogluconate,8010,Unknown
Dopamine Hydrochloride,82010,Unknown
Technical Officer,,Unknown
Plas,,Unknown
Family Welfare,,Unknown
Other Substances,,Unknown
Intraperitoneal,,Unknown
Nonspecific,,Unknown
Chief Medical,,Unknown
Weerasuriya,,Unknown
Haloperidol,5093,Unknown
Coagulati,,Unknown
Betaxolol Hydrochloride,,Unknown
Ranitidine,9143,Unknown
Sharma,,Unknown
Internet,,Unknown
Liquid,,Unknown
Lithium Carbonate,42351,Unknown
World Health,,Unknown
Dept,,Unknown
Chlorpheniramine,2400,Unknown
Azathioprine,1256,Unknown
Benzyl,,Unknown
Benzathine Benzylpenicillin,7982,Unknown
Oral Poliomyelitis,,Unknown
Dilute,,Unknown
Antiamoebic,,Unknown
Neomycin,7299,Unknown
Psychotherapeutic Medicines,,Unknown
Oxytocin,7824,Unknown
Dicyclomine,3361,Unknown
Soluble,,Unknown
Trifluoperazine,10800,Unknown
Dimercaprol,3445,Unknown
Phosphate,486961,Unknown
Page,,Unknown
Actinomycin,,Unknown
Department,,Unknown
Powder,,Unknown
Drugs,,Unknown
Cholinesterase Inhibitors,,Unknown
During,,Unknown
Griseofulvin,5021,Unknown
Deliberation,,Unknown
Nitrazepam,7440,Unknown
Colchicin,2683,Unknown
Ne,7301,Unknown
Chloride,153974,Unknown
Medicine List,,Unknown
Poisonin,,Unknown
List,,Unknown
Ergocalciferol,4018,Unknown
Ethyl Chloride,4141,Unknown
Miconazole,6932,Unknown
Ifosfamide,5657,Unknown
Rifampicin,9384,Unknown
Microbiology,,Unknown
Intraperitoneal Dialysis,,Unknown
However,,Unknown
Phenytoin Sodium,71227,Unknown
Gastrointestinal,,Unknown
Hosp,,Unknown
Bromocriptine,1760,Unknown
Hydrochlorthiazide,,Unknown
Diethylcarbamazine,3384,Unknown
Tamoxifen Citrate,40137,Unknown
Lente,,Unknown
Acenocoumarol,154,Unknown
Essential Medicines,,Unknown
Indian,,Unknown
Medical,,Unknown
Silver Nitrate,9789,Unknown
Radiocontrast,,Unknown
Rehydration,,Unknown
Para,,Unknown
New Delhi,,Unknown
Glyceryl Trinitrate,4917,Unknown
Salbutamol,435,Unknown
Pethidine Hydrochloride,103755,Unknown
Sulfad,,Unknown
Tropicam,,Unknown
Antiseptics,,Unknown
Dinitrate,,Unknown
Fluorescein,25138,Unknown
Magnesium,6574,Unknown
Acetate,164,Unknown
Succinate,1307106,Unknown
Beclomethasone,1347,Unknown
Emergency Medicine,,Unknown
Controller,,Unknown
Quinine,9071,Unknown
Metformin,6809,Unknown
Saquinavir,83395,Unknown
Medical College,,Unknown
Gastroenterology,,Unknown
Cefuroxime,2194,Unknown
Ketamine Hydrochloride,203184,Unknown
Furthermore,,Unknown
Annual Conference,,Unknown
Injection,1649574,Unknown
Adrenaline Bitartrate,203180,Unknown
Salts,,Unknown
Core,,Unknown
Pentamidine Isothionate,,Unknown
Mesylate,1426388,Unknown
Antispasmodic,,Unknown
Dexamethasone,3264,Unknown
Immunosuppressive,,Unknown
Hormones,,Unknown
Plasma,,Unknown
Advisor,,Unknown
Regional Adviser,,Unknown
Activated Charcoal,272,Unknown
Cisplatin,2555,Unknown
As,18346,Unknown
Substitutes,,Unknown
Gemcitabine,12574,Unknown
Hydrochloride,,Unknown
Meglumine Iothalamate,,Unknown
Central,,Unknown
Potassium Permanganate,8604,Unknown
Codeine,2670,Unknown
Agents,,Unknown
Control Organization,,Unknown
Pharmacology,,Unknown
Section,,Unknown
Oxaliplatin,32592,Unknown
Ciprofloxacin,2551,Unknown
Iopanoic Acid,5967,Unknown
Bal Chikitsalaya,,Unknown
Sevoflurane,36453,Unknown
Hydroxide,,Unknown
National List,,Unknown
Methylene,,Unknown
Pulmonary Medicine,,Unknown
Medicines,,Unknown
Lorazepam,6470,Unknown
Pediatrics,,Unknown
Dapsone,3108,Unknown
Concentrate,,Unknown
Mitomycin,632,Unknown
Fumrate,,Unknown
Starch,10046,Unknown
Pancuronium,7883,Unknown
Antineop,,Unknown
Cytosine,1372540,Unknown
Hence,,Unknown
Pulmonary,,Unknown
Pediatric,,Unknown
Amikacin,641,Unknown
Sol,,Unknown
Propranolol,8787,Unknown
Water,11295,Unknown
Workshop,,Unknown
Isoxsuprine,6066,Unknown
This,,Unknown
Pharmacy,,Unknown
Sodium Nitrite,9894,Unknown
Gentian,319824,Unknown
Ampicill,,Unknown
Roxithromycin,9478,Unknown
Blood,,Unknown
Antiasthmatic,,Unknown
Ringer Lactate,,Unknown
Methylthioninium,1546414,Unknown
Testosterone,10379,Unknown
Nutrition,,Unknown
Mohali,,Unknown
Dipropionate,,Unknown
Clinical,,Unknown
Form,,Unknown
Timolol,10600,Unknown
Therefore,,Unknown
Miscellaneous,,Unknown
Colchicine,2683,Unknown
Human,,Unknown
Hydrogen Peroxide,5499,Unknown
Diphtheria Antitoxin,3510,Unknown
Medical Oncology,,Unknown
Tablet,,Unknown
Acid,,Unknown
Procarbazine,8702,Unknown
Procaine Benzylpenicillin,7983,Unknown
Dr,,Unknown
Antineoplastic,,Unknown
Hydroxychloroquine,5521,Unknown
Anthelminthics,,Unknown
Methy,,Unknown
Fresh,,Unknown
Antifungal,,Unknown
Diltiazem,3443,Unknown
Deliberations,,Unknown
Valproate,40254,Unknown
Dte,,Unknown
Dosage Form,,Unknown
Succinyl,,Unknown
While,,Unknown
Cetrimide,288088,Unknown
Sh,,Unknown
Serum,,Unknown
Potassium,8588,Unknown
Releasing,,Unknown
Tertiary,,Unknown
Associate Professor,,Unknown
Lignocaine,6387,Unknown
Centre,,Unknown
Syrup,,Unknown
Ovulation Inducers,,Unknown
Injec,,Unknown
Folinic Acid,6313,Unknown
Topical Forms,,Unknown
Maulana Azad,,Unknown
Antitetanus,,Unknown
Bleaching Powder,,Unknown
Desferrioxamine,3131,Unknown
It,,Unknown
Harit,,Unknown
Hypolipidemic Medicines,,Unknown
Metronidazole,6922,Unknown
Nifedipine,7417,Unknown
Route,,Unknown
Added Medicines,,Unknown
Additional Professor,,Unknown
Scabicides,,Unknown
Diatrizoate,3319,Unknown
Gout,,Unknown
Pharmacists,,Unknown
Amino,,Unknown
Ethinylestradiol,4124,Unknown
January,,Unknown
Fluconazole,4450,Unknown
Ophthalmic,,Unknown
Digoxin,3407,Unknown
Salicylic Acid,9525,Unknown
Dayanand Medical,,Unknown
Medroxy Progesterone,,Unknown
Version,,Unknown
Glycerin,4910,Unknown
Antiulcer,,Unknown
Sustained,,Unknown
Gastroentrology,,Unknown
Institute,,Unknown
Jamia Hamdard,,Unknown
Antithrombotic,,Unknown
Ergometrine,4021,Unknown
Ispaghula,82089,Unknown
Dopamine,3628,Unknown
Parenteral,,Unknown
Clinic,,Unknown
Nonsteroidal Anti,,Unknown
National Consultation,,Unknown
Fertilisers,,Unknown
Group,,Unknown
Naloxone,7242,Unknown
Timolol Maleate,42933,Unknown
Glucagon,4832,Unknown
Antiarrhythmic,,Unknown
Pharmaceuticals,,Unknown
Premix Insulin,,Unknown
Framycetin Sulphate,,Unknown
Rout,,Unknown
Immunologicals,,Unknown
Atracurium,1218,Unknown
Diclofenac,3355,Unknown
Bromide,,Unknown
Propofol,8782,Unknown
Schedule,,Unknown
Muscle Relaxants,,Unknown
Warfarin,11289,Unknown
Carbopl,,Unknown
Permethrin,33199,Unknown
Hospital,,Unknown
Tuberculin,10908,Unknown
Bisacodyl,1596,Unknown
Anaesthesia,,Unknown
Scientist,,Unknown
Inhalation,,Unknown
Clofazimine,2592,Unknown
Basic Scientist,,Unknown
Urokinase,11055,Unknown
Minerals,,Unknown
September,,Unknown
Chief Pharmacist,,Unknown
Mesna,44,Unknown
Medical Research,,Unknown
Pantoprazole,40790,Unknown
Indian Pharmacopeia,,Unknown
Clindamycin,2582,Unknown
Protease,8031,Unknown
Maleate,1426331,Unknown
Director,,Unknown
Antiprotozoal,,Unknown
Tabl,,Unknown
Medicine,,Unknown
Anticonvulsants,,Unknown
Misoprosto,,Unknown
Cardiology,,Unknown
Malaria,,Unknown
Depar,,Unknown
Solution,,Unknown
Famotidine,4278,Unknown
National Health,,Unknown
Beclomethasone Dipropionate,1348,Unknown
Bipolar,,Unknown
Scientific,,Unknown
Methyl Ergome,,Unknown
Preference,,Unknown
Carboplatin,40048,Unknown
Secretary,,Unknown
Contains,,Unknown
National Formulary,,Unknown
Govt,,Unknown
Cap,,Unknown
Singh,,Unknown
Verapamil,11170,Unknown
Calcium,1895,Unknown
The Government,,Unknown
Psychotic Disorders,,Unknown
Terbutaline Sulphate,10369,Unknown
Chandigarh,,Unknown
Mebendazole,6672,Unknown
Stavudine,59763,Unknown
Cefotaxime,2186,Unknown
Venom,,Unknown
Gupta,,Unknown
Adrenaline,3992,Unknown
Sudhir Chandra,,Unknown
Paracetamol,161,Unknown
Ceftazidime,2191,Unknown
Anaphylaxis,,Unknown
Chlorambucil,2346,Unknown
Intermediate Acting,,Unknown
Strengths,,Unknown
Acyclovir,281,Unknown
Granules,,Unknown
Therapeutic,,Unknown
Terbutaline,10368,Unknown
Doxapram,3637,Unknown
Polyvalent,,Unknown
Dried,,Unknown
Tetanus Toxoid,798306,Unknown
Calamine,106212,Unknown
Medicin,,Unknown
Senior Resident,,Unknown
Vancomycin Hydrochloride,66955,Unknown
Iothal,,Unknown
Medic,,Unknown
Mysore,,Unknown
Vaccines,,Unknown
Jan,,Unknown
Decembe,,Unknown
Trimoxazole,,Unknown
Hon,,Unknown
Menadione Sodium,,Unknown
Aqueous,,Unknown
For Specific,,Unknown
Antitoxin,,Unknown
Supreme Court,,Unknown
Nevirapine,53654,Unknown
Bretylium Tosylate,1737,Unknown
Raloxifene,72143,Unknown
Dermatology,,Unknown
Bupivacaine Hydrochloride,267396,Unknown
Atenolol,1202,Unknown
Antiglucoma,,Unknown
Cytotoxic,,Unknown
Primaquine,8687,Unknown
Rheumatoid Disorders,,Unknown
Base,,Unknown
Antianaemia,,Unknown
Revision,,Unknown
Isosorbide,6057,Unknown
Vecuronium,,Unknown
Ascorbic Acid,1151,Unknown
Mefl,,Unknown
Ashish Kumar,,Unknown
Gentian Violet,4778,Unknown
Prednisolone Acetate,34372,Unknown
Piperazine,8340,Unknown
Coal Tar,2635,Unknown
Methotrexate,6851,Unknown
Non,,Unknown
Cyclosporine,3008,Unknown
Presentation,,Unknown
Medical Superintendent,,Unknown
Indian Pharmacopoeia,,Unknown
Daunorubicin,3109,Unknown
Specific Antisnake,,Unknown
Antiallergics,,Unknown
Bleomycin,1622,Unknown
Gamma Benzene,,Unknown
Antihypertensive,,Unknown
Methyldopa,6876,Unknown
Bromocriptine Mesylate,142426,Unknown
Trihexyphenidyl,10811,Unknown
Biliary,,Unknown
Estolate,,Unknown
Gynaecology,,Unknown
Dobu,,Unknown
Prochlorperazine,8704,Unknown
Ophthalmological,,Unknown
Sarangi,,Unknown
For,,Unknown
Tramadol,10689,Unknown
Flumazenil,4457,Unknown
Carbamazepine,2002,Unknown
Imipramine,5691,Unknown
Sodium Thiosulphate,,Unknown
Tetracaine,10391,Unknown
Furazolidone,4601,Unknown
Hexachloride,,Unknown
Fertilizers,,Unknown
Technical Associate,,Unknown
Sukarma,,Unknown
National Essential,,Unknown
Dosa,,Unknown
Dihydroergotamine,3418,Unknown
Indinavir,114289,Unknown
Dy,,Unknown
Realizing,,Unknown
Dicyclomine Hydrochloride,152021,Unknown
All India,,Unknown
Sedation,,Unknown
Clomiphene,2596,Unknown
Poision,,Unknown
Levothyroxine,10582,Unknown
Ampicillin,733,Unknown
No,7442,Unknown
Sera,,Unknown
Dexchlorpheniramine Maleate,54828,Unknown
Category Wise,,Unknown
Chief,,Unknown
Topical,,Unknown
Sulphacetamide,10169,Unknown
Isothionate,,Unknown
Antiinflammaory,,Unknown
Metoclopramide,6915,Unknown
Acycl,,Unknown
Enoxaparin,67108,Unknown
Sulphite,,Unknown
Kanungo,,Unknown
Morphine Sulphate,30236,Unknown
Dean,,Unknown
Term Procedures,,Unknown
Laxatives,,Unknown
Norethisterone,7514,Unknown
Pharmacologists,,Unknown
Methylrosanilinium,,Unknown
Jaipur,,Unknown
Healthcare,,Unknown
Betamethasone,1514,Unknown
Antidotes,,Unknown
India Office,,Unknown
Local Anesthetics,,Unknown
Head,,Unknown
Antipyretics,,Unknown
Thyroid,10572,Unknown
Betaxolol,1520,Unknown
Peripherall,,Unknown
Meet,,Unknown
Bhawan,,Unknown
Rabies,,Unknown
Development,,Unknown
Clinical Pharmacy,,Unknown
Antitrematode Medicines,,Unknown
Trihexyphenidyl Hydrochloride,1115,Unknown
Careful,,Unknown
Methylrosanilinium Chloride,4778,Unknown
Spironolactone,9997,Unknown
Hyderabad,,Unknown
Insulins,,Unknown
Erythromycin,4053,Unknown
Ethambutol,4110,Unknown
For Universal,,Unknown
Strength,,Unknown
Cosmetics Rules,,Unknown
National Professional,,Unknown
Procainamide Hydrochloride,155056,Unknown
Indian Pharmacological,,Unknown
Diazepam,3322,Unknown
Thiacetazone,,Unknown
Protamine,8826,Unknown
Ointment,,Unknown
Emeritus Scientist,,Unknown
Sulphadiazine,10171,Unknown
Aminophylline,689,Unknown
Silver,2606543,Unknown
Short,,Unknown
Commission,,Unknown
Zidovudine,,Unknown
Antischistosomals,,Unknown
Drug,,Unknown
Paint,,Unknown
Preoperative Medication,,Unknown
Antibacterials,,Unknown
Prof,,Unknown
Methyl Ergometrine,,Unknown
Pilocarpine,8328,Unknown
Prednisolone Sodium,,Unknown
Chlorthalidone,2409,Unknown
Antiparkinsonism,,Unknown
Ritonavir,85762,Unknown
National Institute,,Unknown
Atropine Sulphate,153971,Unknown
Associtate Professor,,Unknown
For Prophylaxis,,Unknown
Condoms,,Unknown
Pharmacy Practice,,Unknown
Hydrochlorothia,,Unknown
Intermediate,,Unknown
Natio,,Unknown
Sublingual Tablets,,Unknown
Calcium Ipodate,1911,Unknown
Losartan,52175,Unknown
After,,Unknown
Melphala,,Unknown
Hetastarch,5531,Unknown
Pessaries,,Unknown
Jt,,Unknown
Total Medicines,,Unknown
School,,Unknown
Magnesium Hydroxide,6581,Unknown
The Expert,,Unknown
Health,,Unknown
Clopidogrel,32968,Unknown
Lamivudin,68244,Unknown
Scholar,,Unknown
Diatrizoa,,Unknown
Committee,,Unknown
Salicylic,,Unknown
Asstt,,Unknown
Oxygen,7806,Unknown
Administ,,Unknown
Clotrimazole,2623,Unknown
Specialization,,Unknown
Peritoneal Dialysis,,Unknown
Piper,,Unknown
Other Deliberations,,Unknown
Hydrocortisone,5492,Unknown
Diagnostic,,Unknown
Sodium Nit,,Unknown
Resource Materials,,Unknown
Information Centre,,Unknown
Specific,,Unknown
Nystatin,7597,Unknown
Dental Medicine,,Unknown
Sleep Disorders,,Unknown
Assistant Drug,,Unknown
Antitussives,,Unknown
Ether,1363043,Unknown
Niclosamide,7402,Unknown
Medi,,Unknown
Chloramphenicol,2348,Unknown
Opioid,,Unknown
Contraceptives,,Unknown
Analgesics,,Unknown
Drops,,Unknown
Cosmetics,,Unknown
Peripherally,,Unknown
Hyoscine Butyl,,Unknown
Nizams Institute,,Unknown
Dialysis Solution,,Unknown
Salient,,Unknown
Acetyl Salicylic,,Unknown
Halothane,5095,Unknown
Kotla Road,,Unknown
Chlorhexidine,2358,Unknown
Polyvalent Antisnake,,Unknown
Streptomycin,10109,Unknown
Obstetrics,,Unknown
Ipratropium,7213,Unknown
Amphotericin,42527,Unknown
Rules,,Unknown
Vinblastine,11198,Unknown
Annual,,Unknown
Imatinib,282388,Unknown
Cyclophosphamide,3002,Unknown
Filgrastim,68442,Unknown
Praziquantel,8628,Unknown
Tincture,,Unknown
Immunisation,,Unknown
Phytomenadione,8308,Unknown
Alprazolam,596,Unknown
Experts,,Unknown
Cardiovascular,,Unknown
Tinidazole,10612,Unknown
Methyl Cellulose,6873,Unknown
Ceftriaxone,2193,Unknown
The,,Unknown
Psychiatry,,Unknown
Atorvastatin,83367,Unknown
Such,,Unknown
Doxycycline,3640,Unknown
Antimalarial Medicines,,Unknown
Cetrizine,,Unknown
Clomipramine,2597,Unknown
Pheniramine Maleate,266959,Unknown
Dusting Powder,,Unknown
Hydroxyethyl,,Unknown
Oily,,Unknown
Copper,2837,Unknown
Internal Medicine,,Unknown
Category,,Unknown
Medroxy Proge,,Unknown
Progestogens,,Unknown
Toxicology,,Unknown
Amp,309,Unknown
General Anesthetics,,Unknown
Efavirenz,195085,Unknown
Cyanocobalamin,11248,Unknown
Scientific Director,,Unknown
Sodium Meglumine,,Unknown
Vaccine,,Unknown
Local Anaesthetics,,Unknown
Liver,6459,Unknown
Anta,,Unknown
Officer,,Unknown
Asst,,Unknown
Hydrocortisone Sodium,,Unknown
Platelet Rich,,Unknown
Acyc,,Unknown
Beta,,Unknown
Nicotinamide,7405,Unknown
Chemical,,Unknown
Adminis,,Unknown
Procainamide,8700,Unknown
Quinidine,9068,Unknown
Ghaziabad,,Unknown
Ethyl Alcohol,448,Unknown
Rabies Vaccine,,Unknown
In,,Unknown
Administration,,Unknown
Cryoprecipitate,,Unknown
Mercaptopurine,103,Unknown
Crystals,,Unknown
Punjab,,Unknown
Ketoconazole,6135,Unknown
Individuals,,Unknown
Expert Group,,Unknown
Lotion,,Unknown
Zinc Oxide,11423,Unknown
Tropicamide,10869,Unknown
Med,,Unknown
Bacitracin,1291,Unknown
Aids,,Unknown
Depressive,,Unknown
He,,Unknown
Iron Dextran,5992,Unknown
Nitrofurantoin,7454,Unknown
Permanganate,1923815,Unknown
Antioxytocics,,Unknown
Clonidine Hydrochlor,,Unknown
Indian Council,,Unknown
Hydroxyethyl Starch,5531,Unknown
Sulphacetamide Sodium,,Unknown
Androgens,,Unknown
Meglumine,6704,Unknown
Pyrantel Pamoate,8985,Unknown
Amlodipine,17767,Unknown
Furosemide,4603,Unknown
Silver Sulphadiazine,9793,Unknown
Suspension,,Unknown
Subsequently,,Unknown
Cream,,Unknown
Adrenal,,Unknown
Scientists,,Unknown
Co,2037,Unknown
Midazolam,6960,Unknown
Vitamin,,Unknown
Nirman,,Unknown
Gentamicin,1596450,Unknown
Solut,,Unknown
Glutaraldehyde,4888,Unknown
Nalidi,,Unknown
Textbooks,,Unknown
Physostigmine Salicylate,33656,Unknown
Beclomet,,Unknown
Fluorouracil,4492,Unknown
The Nati,,Unknown
Pyridoxine,684879,Unknown
Barrier Methods,,Unknown
Erythromycin Estolate,4055,Unknown
Hormonal Contraceptives,,Unknown
Community,,Unknown
Esmolol,49737,Unknown
Alum,54989,Unknown
Poisonings,,Unknown
Cephalexin,2231,Unknown
Sodium Thio,,Unknown
Dextrose,4850,Unknown
Metoprolol,6918,Unknown
Medical Sciences,,Unknown
Oxytocics,,Unknown
Model List,,Unknown
Stores,,Unknown
Spinal,,Unknown
Lamivudi,,Unknown
Misoprostol,42331,Unknown
Meetings,,Unknown
Tetracycline Hydrochloride,142446,Unknown
Alpha Interferon,,Unknown
Antiviral,,Unknown
Multivitamins,,Unknown
Gel,,Unknown
Regulatory Body,,Unknown
Paracet,,Unknown
Hormone,,Unknown
Leflunomide,27169,Unknown
Domperidone,3626,Unknown
Health Systems,,Unknown
Mefloquine,6694,Unknown
Neuropsycho,,Unknown
Pooja,,Unknown
Thiopentone Sodium,282416,Unknown
Nagar,,Unknown
Suppository,,Unknown
Nitroprusside,7476,Unknown
Promethaz,,Unknown
Trimethoprim,10829,Unknown
Enalapril Maleate,203123,Unknown
Director Professor,,Unknown
Hydrochlorothiazide,5487,Unknown
Levonorgesterol,,Unknown
Sodium Nitroprusside,9895,Unknown
Surinder Singh,,Unknown
Oral,,Unknown
India,,Unknown
Vitamins,,Unknown
Povidone Iodine,8611,Unknown
